辻野あかり,つじのあかり,梅澤めぐ,うめざわめぐ,E81E10,Cu,232,30,16,3.89,93.10,90.98
難波笑美,なんばえみ,伊達朱里紗,だてありさ,E43C2F,Pa,228,60,47,4.31,79.39,89.41
日野茜,ひのあかね,赤﨑千夏,あかさきちなつ,F94537,Pa,249,69,55,4.33,77.91,97.65
関裕美,せきひろみ,会沢紗弥,あいざわさや,FAB4AC,Cu,250,180,172,6.15,31.20,98.04
藤本里奈,ふじもとりな,金子真由美,かねこまゆみ,653A2A,Cu,101,58,42,16.27,58.42,39.61
片桐早苗,かたぎりさなえ,和氣あず未,わきあずみ,DF4308,Pa,223,67,8,16.47,96.41,87.45
ナターリア,なたーりあ,生田輝,いくたてる,DA5F26,Pa,218,95,38,19.00,82.57,85.49
依田芳乃,よりたよしの,高田憂希,たかだゆうき,C4BBB6,Pa,196,187,182,21.43,7.14,76.86
堀裕子,ほりゆうこ,鈴木絵理,すずきえり,EE9F54,Pa,238,159,84,29.22,64.71,93.33
姫川友紀,ひめかわゆき,杜野まこ,もりのまこ,EF8903,Pa,239,137,3,34.07,98.74,93.73
城ヶ崎美嘉,じょうがさきみか,佳村はるか,よしむらはるか,FF9E1B,Pa,255,158,27,34.47,89.41,100.00
上田鈴帆,うえだすずほ,春野ななみ,はるのななみ,C9870F,Pa,201,135,15,38.71,92.54,78.82
本田未央,ほんだみお,原紗友里,はらさゆり,FFB71C,Pa,255,183,28,40.97,89.02,100.00
大槻唯,おおつきゆい,山下七海,やましたななみ,F5BE0B,Pa,245,190,11,45.90,95.51,96.08
市原仁奈,いちはらにな,久野美咲,くのみさき,F7DE8C,Pa,247,222,140,45.98,43.32,96.86
喜多日菜子,きたひなこ,深川芹亜,ふかがわせりあ,F9D857,Pa,249,216,87,47.78,65.06,97.65
赤城みりあ,あかぎみりあ,黒沢ともよ,くろさわともよ,FACD02,Pa,250,205,2,49.11,99.20,98.04
諸星きらり,もろぼしきらり,松嵜麗,まつざきれい,F8D000,Pa,248,208,0,50.32,100.00,97.25
龍崎薫,りゅうざきかおる,春瀬なつみ,はるせなつみ,F9E050,Pa,249,224,80,51.12,67.87,97.65
城ヶ崎莉嘉,じょうがさきりか,山本希望,やまもとのぞみ,FDDC01,Pa,253,220,1,52.14,99.60,99.22
相葉夕美,あいばゆみ,木村珠莉,きむらじゅり,EEE78F,Pa,238,231,143,55.58,39.92,93.33
喜多見柚,きたみゆず,武田羅梨沙多胡,たけだらりさたご,EEEC73,Pa,238,236,115,59.02,51.68,93.33
森久保乃々,もりくぼのの,高橋花林,たかはしかりん,99D9D9,Co,153,217,217,60.00,29.49,85.10
北条加蓮,ほうじょうかれん,渕上舞,ふちがみまい,1ECECB,Co,30,206,203,61.02,85.44,80.78
三船美優,みふねみゆ,原田彩楓,はらださやか,01BAB4,Co,1,186,180,61.95,99.46,72.94
結城晴,ゆうきはる,小市眞琴,こいちまこと,67DAD5,Co,103,218,213,62.61,52.75,85.49
久川颯,ひさかわはやて,長江里加,ながえりか,79DAD3,Co,121,218,211,64.33,44.50,85.49
高垣楓,たかがきかえで,早見沙織,はやみさおり,33D5AC,Co,51,213,172,75.19,76.06,83.53
大和亜季,やまとあき,村中知,むらなかとも,277150,Co,39,113,80,86.76,65.49,44.31
緒方智絵里,おがたちえり,大空直美,おおぞらなおみ,6ABF4A,Cu,106,191,74,136.41,61.26,74.90
荒木比奈,あらきひな,田辺留依,たなべるい,A1D684,Co,161,214,132,141.22,38.32,83.92
高森藍子,たかもりあいこ,金子有希,かねこゆうき,CCE881,Pa,204,232,129,163.69,44.40,90.98
白菊ほたる,しらぎくほたる,天野聡美,あまのさとみ,CE62CF,Cu,206,98,207,180.55,52.66,81.18
輿水幸子,こしみずさちこ,竹達彩奈,たけたつあやな,CCAACF,Cu,204,170,207,184.86,17.87,81.18
小関麗奈,こせきれいな,長野佑紀,ながのゆき,9E27B5,Pa,158,39,181,189.72,78.45,70.98
桐生つかさ,きりゅうつかさ,河瀬茉希,かわせまき,B04FC3,Co,176,79,195,189.83,59.49,76.47
神崎蘭子,かんざきらんこ,内田真礼,うちだまあや,88319A,Co,136,49,154,190.29,68.18,60.39
鷹富士茄子,たかふじかこ,森下来奈,もりしたらな,5C108C,Co,92,16,140,203.23,88.57,54.90
二宮飛鳥,にのみやあすか,青木志貴,あおきしき,592B83,Co,89,43,131,208.64,67.18,51.37
浜口あやめ,はまぐちあやめ,田澤茉純,たざわますみ,3D0099,Pa,61,0,153,216.08,100.00,60.00
神谷奈緒,かみやなお,松井恵理子,まついえりこ,9578D2,Co,149,120,210,220.67,42.86,82.35
松永涼,まつながりょう,千菅春香,ちすがはるか,201750,Co,32,23,80,230.53,71.25,31.37
八神マキノ,やがみまきの,二ノ宮ゆい,にのみやゆい,A7A3E0,Co,167,163,224,236.07,27.23,87.84
藤原肇,ふじわらはじめ,鈴木みのり,すずきみのり,9593D2,Co,149,147,210,238.10,30.00,82.35
佐城雪美,さじょうゆきみ,中澤ミナ,なかざわみな,121F91,Co,18,31,145,246.14,87.59,56.86
鷺沢文香,さぎさわふみか,Ｍ・Ａ・Ｏ,まお,5D6EB3,Co,93,110,179,251.86,48.04,70.20
木村夏樹,きむらなつき,安野希世乃,やすのきよの,55565A,Pa,85,86,90,252.00,5.56,35.29
川島瑞樹,かわしまみずき,東山奈央,とうやまなお,385DC8,Co,56,93,200,255.42,72.00,78.43
速水奏,はやみかなで,飯田友子,いいだゆうこ,062F87,Co,6,47,135,259.07,95.56,52.94
橘ありす,たちばなありす,佐藤亜美菜,さとうあみな,5386D9,Co,83,134,217,262.84,61.75,85.10
塩見周子,しおみしゅうこ,ルゥティン,るぅてぃん,DCE3ED,Co,220,227,237,264.71,7.17,92.94
アナスタシア,あなすたしあ,上坂すみれ,うえさかすみれ,B0C7E7,Co,176,199,231,265.09,23.81,90.59
脇山珠美,わきやまたまみ,嘉山未紗,かやまみさ,397BC9,Co,57,123,201,267.50,71.64,78.82
砂塚あきら,すなづかあきら,富田美憂,とみたみゆ,839EBB,Co,131,158,187,268.93,29.95,73.33
白坂小梅,しらさかこうめ,桜咲千依,おうさきちよ,A9C8E7,Co,169,200,231,270.00,26.84,90.59
佐々木千枝,ささきちえ,今井麻夏,いまいあさか,0972CE,Co,9,114,206,271.98,95.63,80.78
多田李衣菜,ただりいな,青木瑠璃子,あおきるりこ,0074C9,Co,0,116,201,274.63,100.00,78.82
渋谷凛,しぶやりん,福原綾香,ふくはらあやか,1D9ADD,Co,29,154,221,279.06,86.88,86.67
新田美波,にったみなみ,洲崎綾,すざきあや,69C3E8,Co,105,195,232,282.52,54.74,90.98
上条春菜,かみじょうはるな,長島光那,ながしまみな,4CC0E7,Co,76,192,231,284.90,67.10,90.59
浅利七海,あさりななみ,井上ほの花,いのうえほのか,1798BF,Co,23,152,191,286.07,87.96,74.90
夢見りあむ,ゆめみりあむ,星希成奏,ほしきせえな,E79BDB,Pa,231,155,219,309.47,32.90,90.59
中野有香,なかのゆか,下地紫野,しもじしの,E476CC,Cu,228,118,204,313.09,48.25,89.41
早坂美玲,はやさかみれい,朝井彩加,あさいあやか,CE00A0,Cu,206,0,160,313.40,100.00,80.78
向井拓海,むかいたくみ,原優子,はらゆうこ,B5078D,Pa,181,7,141,313.79,96.13,70.98
小日向美穂,こひなたみほ,津田美波,つだみなみ,DE3DAF,Cu,222,61,175,317.52,72.52,87.06
遊佐こずえ,ゆさこずえ,花谷麻妃,はなたにまき,F4A6D8,Cu,244,166,216,321.54,31.97,95.69
櫻井桃華,さくらいももか,照井春佳,てるいはるか,F095CE,Cu,240,149,206,322.42,37.92,94.12
水本ゆかり,みずもとゆかり,藤田茜,ふじたあかね,E8BAD6,Cu,232,186,214,323.48,19.83,90.98
的場梨沙,まとばりさ,集貝はな,ためがいはな,E31C93,Pa,227,28,147,324.12,87.67,89.02
宮本フレデリカ,みやもとふれでりか,髙野麻美,たかのあさみ,A70364,Cu,167,3,100,324.51,98.20,65.49
白雪千夜,しらゆきちよ,関口理咲,せきぐちりさ,ECD4E2,Cu,236,212,226,325.00,10.17,92.55
棟方愛海,むなかたあつみ,藤本彩花,ふじもとあやか,CC5599,Cu,204,85,153,325.71,58.33,80.00
小早川紗枝,こばやかわさえ,立花理香,たちばなりか,E96CB0,Cu,233,108,176,327.36,53.65,91.37
佐久間まゆ,さくままゆ,牧野由依,まきのゆい,E01883,Cu,224,24,131,327.90,89.29,87.84
一ノ瀬志希,いちのせしき,藍原ことみ,あいはらことみ,AB004F,Cu,171,0,79,332.28,100.00,67.06
佐藤心,さとうしん,花守ゆみり,はなもりゆみり,F05098,Pa,240,80,152,333.00,66.67,94.12
久川凪,ひさかわなぎ,立花日菜,たちばなひな,F79AB9,Pa,247,154,185,340.00,37.65,96.86
安部菜々,あべなな,三宅麻理恵,みやけまりえ,F34B7F,Cu,243,75,127,341.43,69.14,95.29
双葉杏,ふたばあんず,五十嵐裕美,いがらしひろみ,F6A2BC,Cu,246,162,188,341.43,34.15,96.47
星輝子,ほししょうこ,松田颯水,まつださつみ,AC113D,Pa,172,17,61,342.97,90.12,67.45
島村卯月,しまむらうづき,大橋彩香,おおはしあやか,F87499,Cu,248,116,153,343.18,53.23,97.25
五十嵐響子,いがらしきょうこ,種崎敦美,たねざきあつみ,F7BACA,Cu,247,186,202,344.26,24.70,96.86
前川みく,まえかわみく,高森奈津美,たかもりなつみ,D60036,Cu,214,0,54,344.86,100.00,83.92
十時愛梨,とときあいり,原田ひとみ,はらだひとみ,E9425C,Pa,233,66,92,350.66,71.67,91.37
南条光,なんじょうひかる,神谷早矢佳,かみたにさやか,EA0B2A,Pa,234,11,42,351.66,95.30,91.76
村上巴,むらかみともえ,花井美春,はないみはる,AC1A2D,Pa,172,26,45,352.19,84.88,67.45
乙倉悠貴,おとくらゆうき,中島由貴,なかしまゆき,E5BEC3,Cu,229,190,195,352.31,17.03,89.80
椎名法子,しいなのりこ,都丸ちよ,とまるちよ,F9485C,Cu,249,72,92,353.22,71.08,97.65
三村かな子,みむらかなこ,大坪由佳,おおつぼゆか,FEB1B9,Cu,254,177,185,353.77,30.31,99.61
黒埼ちとせ,くろさきちとせ,佐倉薫,さくらかおる,F4313F,Cu,244,49,63,355.69,79.92,95.69
西園寺琴歌,さいおんじことか,安齋由香里,あんざいゆかり,EACCCE,Cu,234,204,206,356.00,12.82,91.76
道明寺歌鈴,どうみょうじかりん,新田ひより,にったひより,D72630,Cu,215,38,48,356.61,82.33,84.31
及川雫,おいかわしずく,のぐちゆり,のぐちゆり,FFFFFF,Pa,255,255,255,0.00,0.00,100.00